ID,EASTING,NORTHING,ELEVMEAN,XSLASP,YSLASP,B1MEAN,B2MEAN,B3MEAN,B4MEAN,B5MEAN,B6MEAN,B7MEAN,B8MEAN,B9MEAN,PANMEAN,PANSTD,INTMEAN,INTSTD,INTMIN,INTMAX,HTMEAN,HTSTD,HTMIN,HTMAX,CCMEAN,CCSTD,CCMIN,CCMAX
1,571920.0327,5234916.816,774.2451,-0.266064631954914,-0.100918652109985,1357.875,1146.75,826.125,537.25,1210.75,1107.875,559.5,189,31.875,795.375,37.41,109.93,21.049,54,151,32.364,2.46,28,37,90.682,10.835,67,100
2,568367.8759,5224511.69,1036.805,0.153044942868333,-0.0869154846470328,1234.75,990.25,591.25,305.75,924.5,803.75,273.75,56.25,8.25,512.429,8.862,100.68,24.564,38,160,29.727,3.466,21,35,97.864,4.994,80,100
3,571994.5945,5221843.728,1714.919,0.10130151680909,-0.145287419899926,1116.143,880.857,521.429,261,541.714,462,177.857,42.143,7.857,435.429,18.508,120.288,21.798,50,155,27.524,4.521,18,35,88.952,6.644,78,100
4,572596.0924,5226462.086,1323.539,-0.126290901512579,0.119564393178488,1192,986.286,668.429,411.571,1170,1055.714,456.714,127.571,24.714,527.125,22.773,140.16,18.842,70,160,6.261,4.883,1,17,76.913,16.751,42,100
5,573152.5112,5235735.59,1026.388,0.0134696772552705,0.157939668746135,1317,1139,908,683,1376,1144,494,150,19,498.429,17.467,102.06,25.495,23,154,30.261,2.026,27,33,94.913,6.833,75,100
6,572625.182,5235670.18,958.2235,-0.113153513514202,-0.233916108441448,1292.445,1086.333,781.778,495,1264,1130.333,460.333,125.556,21.667,692.571,51.227,111.015,29.571,36,167,25.409,9.566,10,38,95.909,8.257,67,100
7,558166.4406,5229910.623,1119.752,0.0126116728359391,0.182182998299181,1227.445,988.667,669.333,352.222,1176.445,1041.889,457,118.556,18.667,572,40.774,106.623,23.288,46,156,27.333,4.873,19,37,96.286,5.961,78,100
8,556905.4631,5229822.534,1203.37,0.136424228673355,-0.0911647102330726,1240.143,1019.143,720.143,458.286,1409.143,1275.286,507,121.286,18.571,638.25,36.816,127.005,28.504,26,162,9.5,5.623,0,18,55.182,22.439,14,92
9,557474.8878,5230032.779,1208.128,-0.0775780559126665,0.0990368197026298,1260,1050.857,783,539.714,1426.857,1261,526.143,141.714,25.143,600.429,24.453,126.819,23.925,52,159,9.19,3.984,3,17,85.476,16.566,43,100
10,569834.7728,5234922.098,749.0908,0.0595522425946658,0.153262649976914,1296.625,1044.875,709.125,385.875,1243.375,1068,409.25,92,12.5,598.429,20.839,105.813,25.64,53,162,22.409,4.559,9,29,89.409,8.283,73,100
11,562176.6853,5223007.884,1196.825,0.0618561614688843,0.199590644130268,1242,1019.125,728.25,405.125,1815,1593.5,560.125,121.375,18.375,618.625,21.534,114.657,24.244,50,157,11.636,3.241,4,16,90.909,11.004,64,100
12,556068.1915,5227363.116,1200.912,0.0192343078201209,0.130482967668891,1215.5,958.25,577.25,296.75,1133.75,971,311,58,8.25,512.143,16.084,112.707,22.588,52,152,26.238,2.942,21,33,95,4.364,86,100
13,553337.7275,5226946.779,1495.195,-0.0438506864319344,0.00950497030232923,1181.429,940,581.143,312.429,1082.857,889.714,261.286,49,8,476.625,29.563,123.455,19.07,53,154,26.409,4.735,9,30,94.636,7.997,71,100
14,549136.0865,5220973.526,1180.444,0.023788902043178,0.130201626674094,1190.286,953.571,595.571,304.857,892.429,798.429,306.714,65.286,10.143,478.75,17.633,107.045,20.822,40,153,28.545,2.231,25,33,94.955,5.165,78,100
15,553186.0361,5221784.383,1525.741,0.0946337865906676,0.121235158450476,1166.375,952.375,629.25,343.5,867.375,725.875,297.125,75.625,12.125,638.625,36.555,107.208,24.707,45,154,22.714,1.906,19,26,82.905,11.53,60,100
16,555886.4405,5222683.089,1300.978,0.0747058839577071,0.153663633378551,1172.429,947.714,663.571,342.571,1323.857,1129.857,420,86.857,13.429,522.5,51.32,102.307,24.653,39,160,25.87,4.132,17,32,93.087,10.413,67,100
17,557716.4231,5221483.423,1481.306,0.186066794174837,0.0235961088847029,1177.857,934.571,578.714,299.429,818.857,759.143,364.143,84.714,13.143,492,16.332,112.105,24.912,35,155,22.045,4.866,10,31,86.136,11.287,56,100
18,563027.3787,5232881.462,1123.365,-0.0949189634281589,-0.109136752300606,1215.25,956.25,593.5,305.75,660.5,541,228.25,63.75,11,512.143,11.969,108.628,25.073,59,157,30.13,2.49,27,36,95.304,6.175,78,100
19,561374.9186,5229275.508,1083.065,-0.112223668918417,-0.203786846657211,1264.25,1027.875,720.375,426,1358.25,1177.75,448.75,96.25,12.875,587.125,13.688,101.035,27.879,40,159,25.476,3.899,14,31,93.571,7.404,80,100
20,559846.2713,5230962.9,1103.762,-0.131543094978659,0.0871549871174077,1226.429,995.714,688,373.143,1586.857,1358.429,461.857,91.571,15,682.5,40.398,129.126,24.71,39,160,9.167,3.52,4,20,71.833,22.289,11,100
21,555745.8826,5228779.241,1178.808,-0.15397651142056,0.0880679432015648,1233,1018,685,343,1564,1423,513,94,13,546,27.812,109.122,23.686,42,157,29.227,8.323,9,42,94.955,5.423,85,100
22,553575.4288,5227787.451,1310.442,0.0847728458051304,0.175165960777486,1232.857,994.714,675.143,353.286,1557.286,1332.429,449.143,87.429,13.286,528.625,14.974,114.889,22.71,39,158,18.727,4.873,9,26,91.591,8.685,67,100
23,562246.9449,5225562.383,1235.884,-0.244084482982804,0.0476234095379299,1246,1024,725.5,463.75,1243.25,1126.25,517.5,153.25,25.75,702.714,58.969,125.343,26.865,47,157,8.727,4.928,0,18,59.636,20.843,18,91
24,562353.4113,5226821.651,1315.5,-0.139070995917462,-0.117208249366354,1281.5,1093.25,822,555,1297,1176.25,578.25,187,37.75,757,39.115,133.881,20.508,49,157,16.864,10.691,0,29,49.773,15.48,16,75
25,561735.8874,5226639.541,1181.821,0.292891974920327,-0.0729539601959373,1257.667,1027,722.333,429.556,1255.111,1153.667,572.889,197.778,38.111,511,28.196,116.025,25.02,45,158,30.286,10.02,1,39,87.905,10.528,57,100
26,559279.0542,5224153.604,1262.101,0.137768834245965,0.218565027748054,1241.75,1035,693,445,747.75,662,297,70,11.75,518.375,22.344,102.01,22.291,38,165,31.048,4.065,24,38,95.476,4.542,83,100
27,560504.7747,5220459.879,1161.666,0.215878497314471,0.06031132084647,1211.445,956.111,594.556,305.222,1001.222,864.111,306.222,63.667,9.889,494.143,13.368,100.412,24.876,48,156,29.364,4.978,18,36,90.727,8.395,71,100
28,559635.0072,5220281.411,1202.793,0.249916635470532,-0.0700154828312235,1203.625,943,536.5,277.125,568.75,461.875,146.5,30,5,496.714,30.022,94.744,20.82,49,149,31.15,4.618,21,39,89.2,9.158,65,100
29,558842.8535,5220646.053,1303.934,-0.136889039787145,-0.0627929582210741,1219.75,983,664.75,379.25,1365.5,1243.25,465.25,94.25,13,574,38.951,134.89,18.508,73,157,9.5,9.834,1,33,74.5,24.015,19,100
30,560386.0542,5221122.535,1171.567,-0.0193035194583323,0.140559684040346,1243,1000.857,621.857,336.857,1073.429,950.286,334.571,66.714,9.857,547.875,25.94,100.965,23.816,45,150,32.043,9.053,15,45,91.391,10.475,64,100
31,563223.6012,5222074.164,1108.301,-0.000385810092450522,0.126243410467923,1248.571,1000.714,699.714,401.143,1271.857,1134.571,507.857,139.286,21.857,575.625,20.31,97.13,26.8,37,162,24.909,8.501,14,48,84.091,12.809,56,100
32,568366.8624,5227032.081,1247.342,-0.144526830458675,0.039943689145712,1225,993.5,658.75,337.5,924.75,745,254,57,9.5,578.286,29.119,122.629,31.925,28,156,10.364,8.037,0,24,68.818,42.471,0,100
33,565667.0669,5227612.692,1545.154,0.0308817693732191,0.0733816362953247,1151.5,923.25,563.5,296.25,950.5,836.25,314.5,70.25,11.25,504.429,30.593,117.129,25.394,42,157,21.864,4.836,3,27,87.955,9.083,69,100
34,569384.3607,5229792.219,1594.935,-0.117982754609598,-0.0737375515916503,1151.625,906.625,551.75,297.75,626.875,552.375,227.75,58,10.25,481,8.552,127.914,24.671,50,160,21.636,3.324,14,27,68.182,16.897,33,100
35,566892.2903,5223100.984,1161.395,-0.0673535954380479,0.138353259125211,1305.857,1113.143,850.429,539.571,1674.429,1456.286,577.143,145.286,20,765.375,86.245,136.645,16.271,56,154,3.318,3.746,0,15,42.955,28.903,0,100
36,569696.4325,5231037.647,1361.168,0.0973355019407419,-0.210754751732775,1215,953.143,602.143,308.143,887.143,756.714,242.286,46.857,7,504.5,12.619,132.658,22.401,49,161,6.696,1.365,4,9,72.783,11.44,50,100
37,555436.2752,5232913.649,981.0508,0.0283182065813316,-0.119063711520417,1372.429,1192.143,879.857,581.286,1183.714,1118.571,474.714,104.857,15.429,551.5,19.5,122.216,28.077,31,172,22.091,4.747,8,29,65.091,15.988,40,91
38,553990.3104,5229831.226,1013.436,-0.0405329916287807,-0.246390270493015,1265.286,1044.429,715,402.571,1297.143,1021.714,338.429,74.857,12.714,540.667,15.909,108.672,23.272,51,154,25.381,2.058,22,31,99.762,1.065,95,100
40,555076.745,5236124.82,792.325,-0.119222388411495,-0.179226194138744,1276.375,1058.75,745.5,429.75,1398.75,1209.875,511.125,123,19.125,586.714,17.466,113.581,23.237,54,159,21.667,4.673,9,31,97.81,5.844,77,100
41,554869.875,5235728.242,876.6292,-0.133017629192605,-0.0350697774868709,1254,1019,689.429,357.714,1334.571,1179.571,442.857,89,11.714,581.571,17.614,114.532,24.457,47,153,29.864,2.18,26,34,94.727,8.236,71,100
42,550310.366,5237443.249,946.2668,-0.0208013515967388,-0.0374325893807635,1328.429,1128.286,765.143,448,1033.429,938.857,426.429,99.429,16.429,551.111,14.302,107.626,21.386,35,148,22.19,3.66,13,27,94,5.96,80,100
43,550637.5911,5236812.057,943.8417,-0.0782249971603671,-0.150812735762801,1257,1022.75,694.75,477.75,1276.25,1158.75,445,94.25,12.75,590.571,36.99,127.766,24.807,57,165,21.273,8.231,1,33,54.091,22.651,17,100
44,550616.4227,5234799.212,934.8593,0.104107336953139,-0.0700957803903037,1304,1048,617.333,349.333,753.667,850,428.333,113.333,18.667,522.875,26.872,114.04,26.449,40,156,33.667,2.981,29,40,81.708,14.786,47,100
45,550846.198,5234294.975,935.8948,-0.228939042257763,0.0453784902690469,1270.25,1023.5,654.5,346.75,1019.75,783,312.25,116,33.25,585.625,12.062,113.325,22.22,47,152,32.524,4.066,24,40,96.905,4.196,88,100
46,565994.3088,5228773.413,1330.208,0.091082447737514,-0.207030993996414,1228.857,1018,747.571,527.429,1267,1175.429,545.857,162.143,28.429,675,14.716,136.508,22.434,65,161,13.905,13.735,0,37,71.048,15.136,40,100
47,568342.7188,5230240.922,1495.171,-0.114001623348643,0.0367542959920883,1176.143,954.714,608.714,338.857,1170,1014.286,352.286,75.286,11.714,519.25,26.645,113.745,24.667,36,154,29.045,5.2,16,36,91.227,6.259,75,100
48,565482.8383,5232825.7,823.1608,-0.226819707048416,0.212504501341667,1301.143,1065.571,761.857,423.857,1494.571,1236.143,431.571,88.429,13.286,609.286,15.191,114.598,23.316,41,160,19.435,7.143,4,34,88.783,10.966,62,100
49,564946.6826,5224567.309,1078.21,0.223133676144887,0.0663481807668365,1205.143,952.857,572,300.286,724.571,626.143,251.286,59.714,10.571,510.857,26.819,102.232,25.409,36,157,23.043,7.393,4,31,93.522,6.921,73,100
50,565850.5354,5222801.184,1211.558,0.197065668806061,0.0583720140051697,1183.5,921.75,524.75,262.875,807,732.375,240.75,46.5,6.625,487.667,14.055,115.129,27.053,54,163,11.8,3.868,4,18,90.6,12.355,63,100
51,573436.6632,5235402.413,982.0658,-0.10493730364433,0.182455454026066,1287.857,1067.286,719.143,402.429,1284.429,1143,452.714,98.143,14.143,632.25,31.136,122.286,22.918,47,170,15.364,5.859,3,26,90.591,9.495,70,100
52,554601.0001,5236447.948,922.7098,-0.0220362015387919,0.204733497204883,1230.5,982.75,595.875,309.125,850.875,741.875,259.5,57,8.625,524,20.894,105.525,20.972,53,153,24.955,5.174,18,36,89,6.842,74,100
53,554975.0705,5235914.51,877.0147,-0.0339512786646444,0.171893154235518,1260.875,999,607.625,310.625,1050.875,970.875,379.375,74.625,11,565.429,9.5,103.678,22.648,44,149,24.524,1.991,20,28,93.333,10.544,62,100
54,549280.6115,5236400.668,922.5724,0.0946703184292569,0.170855876016902,1403,1236,880,642,976,966,582,287,65,770.111,47.578,125.174,19.685,52,156,11.619,2.919,7,17,92.048,6.911,75,100
55,572325.3842,5224092.313,1506.264,-0.0105489122140603,-0.171608079865431,1137,908.625,577.375,300.875,1233.625,1078.375,340.25,65.625,10.625,482,10.817,119.248,20.252,55,162,17.455,4.304,9,26,94.227,6.052,78,100
56,571456.2072,5223966.746,1355.057,-0.0784388448861957,-0.106666007785608,1185.714,976.143,665.143,355.429,1229.429,1092.429,444.286,106.286,16.286,586,28.355,96.811,24.74,41,156,26.87,2.271,22,34,84.217,11.112,62,100
57,561904.3737,5220990.561,1102.184,0.0792720868827562,-0.209427040816731,1228.875,994.875,622.875,356.625,964.375,882.625,366,84.125,13.375,525.571,17.719,111.45,22.141,52,157,15.522,2.902,8,21,88.913,10.878,44,99
58,552315.1058,5230634.568,1194.847,-0.155892227243234,-0.146348518318922,1213.125,971.25,619.25,334.5,943.125,777.625,288.625,62.5,9.25,549.429,15.692,121.542,26.076,45,162,22.045,11.092,0,34,74.591,14.077,36,100
59,564164.6944,5225617.028,1169.079,-0.134122893496992,0.0960013179075922,1213.143,974.429,641.857,330.286,1557.286,1367.857,471.143,89.286,12.714,568.5,23.627,106.69,23.389,40,153,28.9,4.253,23,38,95.8,5.689,83,100
60,572148.5835,5221931.529,1697.366,0.0644923741155261,-0.154115047629824,1117.25,898,538.5,283.5,624.5,538.75,205.5,49,8,463,27.386,128.265,25.881,49,156,19.143,8.752,1,29,82.619,13.164,43,100
61,572571.8243,5226828.832,1256.738,0.0427737626087059,-0.104546233773838,1203,1008,696,427,1301,1190,482,137,23,617,37.815,134.766,21.296,44,156,5.409,4.438,1,17,77.5,11.139,53,95
63,552168.6882,5225172.959,1529.137,-0.188913937208436,-0.0945124039341246,1248.75,1066.5,818.25,599,1424.75,1308.5,637,196.25,37.75,619.5,73.49,138.202,21.937,56,156,14.65,11.68,0,31,64.2,11.012,38,88
64,550157.1554,5224601.958,1350.01,0.0615336389258327,-0.155073731420074,1241.25,1021.5,664.5,394.5,896,832.25,340.25,83.5,14,637.143,50.215,131.607,27.131,40,155,11.522,12.462,0,37,47.478,26.592,0,88
65,573408.3871,5230964.926,987.0381,0.122178720633907,0.156191058723801,1249.875,1026.75,657.25,335.25,1067.25,918.375,326.375,64.25,10,573.625,17.485,110.884,24.514,58,159,22.273,3.683,13,29,96.136,6.196,80,100
66,572085.7416,5230811.907,1336.309,0.117986927862419,0.190325326096104,1211.5,999,719.25,472.375,1478.25,1323,571.625,170.375,29.25,584.5,20.285,139.708,16.731,62,158,8.136,3.584,2,15,89.682,7.258,71,100
67,554795.4672,5222232.463,1290.69,0.0835815531835083,-0.166734750692327,1148.857,911.286,538.286,270.143,797.571,678.714,244.429,50.571,7.857,478.125,17.913,106.458,24.876,37,153,29.391,7.27,7,39,95,4.7,85,100
68,565485.2529,5235376.988,672.2294,-0.0232392998096398,-0.00242036554215981,1307.286,1069.857,737.143,459.429,832.714,917.429,672.286,309.857,62.286,719,71.49,100.105,21.29,30,145,33.409,1.749,30,36,87.545,8.294,67,100
69,554337.8055,5225020.748,1224.464,0.15163155996733,-0.108630404610652,1195,967,623.5,403.75,914,972.25,505,140.25,20.5,490.571,27.686,95.17,26.85,40,158,41.227,7.804,23,56,89.364,10.713,64,100
70,564341.8229,5223558.014,1138.76,-0.0375338165593639,0.163634501467411,1210.571,941.571,561,291.714,844.429,717,236.714,46.714,7.714,541.857,28.124,134.266,16.312,72,157,4.667,1.808,0,7,71.238,15.461,37,95
71,568659.7517,5224829.984,988.6548,-0.151657477948744,-0.303207140058123,1244.857,1002.571,646.429,360.429,1155.714,1023,362.714,81.286,11.857,552.125,14.937,107.119,24.778,50,160,28.636,5.621,16,37,97.182,4.84,85,100
72,564635.3386,5226025.35,1238.39,0.0167297387362677,-0.189658566552677,1188.5,949.375,608.25,316.625,1317.625,1209.625,454.5,88.625,11,501.571,9.619,109.635,27.898,43,154,27.5,6.659,16,40,96.409,6.073,77,100
73,550365.8936,5237210.91,941.7233,-0.083266983040027,0.0777646322206429,1246.667,1023.333,683.333,361,1480,1332,442.333,79.333,11.333,551.875,20.239,116.79,25.766,52,159,23.857,2.782,15,29,71.81,17.6,36,100
74,554346.7952,5236111.177,964.5127,-0.138801887776826,-0.00732434123927583,1250.75,999.75,612.375,303.25,1168.125,1046.375,361.625,68.375,9.375,526.429,15.555,105.144,22.878,50,157,20.85,2.833,16,26,97.55,5.634,77,100
75,555684.8696,5233735.868,972.1871,0.0854707054096135,-0.161455371560636,1331.714,1085.857,745.286,477.143,936,815.714,422,140,23.286,523.75,16.947,92.185,26.882,35,158,20.409,4.529,13,28,79.727,16.24,36,100
76,550186.056,5225624.954,1342.144,0.109710999090041,-0.175142072523038,1197.75,952.375,618.25,320.625,1143.375,980.375,348.625,71,11.375,554.75,34.091,146.423,12.892,78,165,4.095,4.385,0,13,52.619,23.902,22,100
77,550326.0311,5223994.671,1347.745,-0.0868754470701435,0.133585475244739,1273,1091.25,867.25,566.375,1915.5,1774.25,821.625,234.625,41.25,761.625,58.683,129.8,23.057,48,155,7.409,4.549,1,16,68.591,14.221,35,91
78,570095.4988,5237369.654,999.1705,-0.0412750798568933,-0.0645201939845742,1235.889,979.222,613.889,321,1006.333,930.889,356.889,79.667,11.556,535.875,17.667,106.31,24.038,47,154,25.864,4.181,19,34,96,4.592,86,100
79,568156.3939,5227346.429,1163.106,-0.215244551259674,0.153403816800696,1214.429,957,588.714,318.286,970.571,871.429,296.429,56.571,8.857,501.375,6.183,138.778,15.286,58,156,3.952,1.09,2,7,66.048,11.918,44,84
80,568484.3995,5231173.962,1298.729,-0.108658295480334,0.179255854889899,1262.143,1040.571,752.143,417.143,1693.286,1494.143,588,161.286,32.286,672.714,18.069,138.558,16.753,71,155,5,1.537,0,8,81.818,16.135,50,100
81,570767.0584,5230600.543,1490.11,0.18196127311377,-0.108057880188425,1210,1014.445,696.222,447.778,850.333,729.222,323.333,90.889,14.556,544.286,73.746,130.512,26.347,47,161,21.273,7.569,1,31,56.364,15.08,23,75
82,569980.5172,5229152.193,1353.831,-0.0826018250130325,0.106920160987142,1184.25,949.375,585.125,291.125,1333,1191.5,410.125,78.625,11.375,500.889,23.354,108.056,22.487,47,158,39.238,5.58,24,50,89.048,6.736,73,100
83,566415.3921,5231743.209,1159.19,0.0522102849424115,-0.0804967146052073,1268.714,1028.571,699.857,448.143,1082.143,963.857,413.286,108.857,17.429,605.625,31.737,146.566,12.772,74,161,2.318,1.662,0,5,53.636,22.352,9,89
1001,514938.641,5187636.573,847.4473,0.202072704651515,-0.126589985918404,1197.5,969.5,620,357.5,827.5,692.5,277,69.5,11.5,471.75,10.207,123.789,24.759,63,166,26.833,8.305,9,37,71.167,23.09,11,100
1002,506544.314,5187139.139,860.3668,0.00530323481035697,-0.0669462772418767,1208,1017,704.5,428.5,971.5,885.5,432.5,135,24,722.2,39.153,141.606,22.599,56,158,4.083,6.714,0,22,17.5,25.63,0,67
1003,501956.927,5187085.651,898.5237,0.161237446557582,0.151071883673273,1224,991,648,378,1114,985,372,88,15,546,37.557,108.053,28.015,42,224,19.333,3.636,11,24,91.5,9.332,73,100
1004,520859.596,5190082.379,879.6048,0.132765141242541,0.115997671838051,1174,951,612,348,848,754,343,95,16,496,16.386,120.725,25.499,47,156,25.4,9.871,4,34,67.8,23.92,10,100
1005,509010.343,5190200.93,893.3439,0.0197374798993553,0.150020184829317,1260.2,1093.6,812.6,556.4,1278.2,1136.2,548.8,195.2,34.8,620.25,50.341,138.009,19.692,62,160,6.333,5.137,0,17,51.417,30.953,0,100
1006,514053.618,5179819.51,845.417,0.0685771129961352,-0.132311096670367,1187,963,618.5,357,812.5,720,299,75.5,12.5,590.2,39.796,109.083,28.562,59,159,11.75,5.433,3,21,65.167,16.787,40,91
1007,524312.361,5184682.51,867.7641,0.0674495884509861,0.128431683683555,1269,1089,795,571.6,1043.8,964.8,503,202.6,38.8,599.5,34.099,127.682,24.461,62,153,7.75,8.805,0,30,31.167,25.252,0,78
1008,524160.81,5188882.921,890.6998,-0.0223073635641882,0.130877525785809,1178.2,972.8,667.2,391.4,1049.2,924.8,378.2,95.8,15.6,702.25,128.137,117.899,27.138,53,155,13.5,2.202,8,17,84.6,25.453,11,100
1099,526021.974,5183181.81,866.3424,-0.10055873100863,-0.0085670033812323,1158.8,965,644.6,368.4,1226.8,1053.8,410,95,14.8,523.75,30.622,131.432,21.138,64,160,12.385,12.982,0,32,33.462,25.028,0,65
1201,515763.932,5181411.215,867.7699,-0.0632189785478845,-0.0832019577676038,1206.25,999.25,695.5,445,1325.25,1203.25,492,133.75,21.5,578.5,20.549,116.309,22.587,70,155,9.615,2.528,5,16,71.615,24.687,7,94
1202,522872.144,5186302.153,902.8029,-0.167779324299488,-0.0464930612200078,1175.4,974.2,672.8,403.4,1294.4,1180.2,483.8,124.4,20.6,1201,179.056,132.679,12.24,90,150,1.923,1.492,0,4,23.154,20.331,0,63
1203,516632.853,5180031.679,850.8272,0.00237300785421367,-0.160720482446152,1260.25,1080,778.5,579.75,928.25,878.5,509.5,217.75,39.25,745,13.928,143.67,1.968,137,148,0,0,0,0,0,0,0,0
1204,506582.035,5187022.139,861.5115,-0.0185950019728713,-0.0122001435085376,1212,1051,766,522,1329,1214,608,195,36,662.5,43.706,151.063,3.373,134,156,2.308,6.877,0,26,11.385,23.695,0,78
1205,514082.089,5190022.872,821.5878,-0.020224484771919,-0.0477299534853158,1306.6,1136,844,661.8,939.8,887.8,541.8,269,54.4,827.5,17.299,148.536,3.19,138,156,0,0,0,0,0,0,0,0
1206,525121.994,5183151.422,831.2723,-0.0348602488758896,0.0161011257156461,1235,1059.8,786.6,576,1045.2,971.4,550.8,229.2,41.8,771.75,13.645,146.613,3.605,136,156,0.077,0.266,0,1,0.462,1.599,0,6
1207,523321.475,5184924.407,841.9469,-0.035947074528544,0.0160587506936033,1279,1097,804,560,979,863,454,180,36,508,18.588,118.919,23.731,47,159,11.692,9.603,1,32,79.231,14.197,44,100
1208,524883.794,5188102.466,887.9773,-0.0414350311430563,0.132011001492959,1168.75,954,626.5,347.25,1143.75,1035.25,382,84.75,12.75,540.25,11.476,118.395,23.411,20,155,11.083,4.536,0,16,63,24.423,6,100
1209,525395.984,5187023.857,848.294,0.0272886877456761,-0.0535609938772516,1159,944,592,341,845,762,308,76,13,525,16.748,111.685,26.8,50,154,17.7,4.961,8,23,70.1,24.878,25,100
1210,516064.109,5186886.024,873.0861,0.0359129670759356,0.148986735355208,1165,934,594,324,1056,905,332,73,11,532.25,11.211,102.5,23.666,20,146,24.923,3.075,18,29,82.077,15.662,41,100
1211,525242.122,5186331.908,857.1554,-0.0282962197142486,0.0625515440727323,1197.6,1000.2,701.6,447.4,1029,913.8,429.8,137,25.8,570.5,37.286,133.58,17.407,50,152,5.385,3.364,0,11,36.846,30.631,0,100
1212,511591.538,5188672.62,881.7722,-0.054100074607183,-0.0300591754294298,1325,1211.4,954,705.2,1440,1309.8,688.6,266.8,54,644.5,23.071,132.193,19.931,56,158,20.833,8.63,2,33,38.917,13.708,19,59
1213,512463.362,5186630.441,857.9672,-0.140130740623315,0.0588482771911051,1173,954.667,631,338.667,1206.333,1050.333,392.667,81.667,12.667,567,42.008,121.848,27.104,59,158,15,10.271,0,27,64.75,36.584,0,100
1401,520745.249,5180632.183,882.5957,-0.00441747605699508,-0.0220039576959663,1271.5,1109,843,647,1001.5,941.75,565.5,269.75,55,799.25,10.256,146,2.79,127,152,0,0,0,0,0,0,0,0
1402,515648.193,5189185.992,876.6095,-0.0515394871041392,-0.0247681729855528,1329,1201,968,756,1283,1184,676,291,56,887.25,19.904,148.866,2.641,139,154,0,0,0,0,0,0,0,0
1403,515973.013,5179641.046,880.8383,-0.00609951823660007,0.0415729263016375,1245.25,1043.75,777.5,552.5,1105.25,1014.75,508.5,174.25,29.5,817.667,19.224,145.67,13.371,74,157,1.167,1.143,0,3,26.583,19.483,0,67
1404,523860.87,5186390.868,889.9377,0.0885418873499156,0.140077819120355,1220,1049.4,758.6,516.6,1075.2,929.6,392.4,118,20.8,489.5,6.344,109.009,23.216,52,148,25.154,3.634,18,30,76.923,13.453,44,93
1405,526832.034,5184321.712,875.5513,0.039466832718791,0.069897367726882,1157,948.8,638.6,384.4,995,910,408,117.8,19.6,521.5,3.905,136.829,20.887,61,160,8.154,8.328,0,29,47.615,29.461,0,89
1406,514755.21,5187377.646,877.9668,-0.0443604757576906,0.0120272039373807,1220.25,1011.75,696,424.5,1070,958,418,129.25,23.5,571,14.926,118.125,23.778,56,158,21.917,5.139,15,31,60.25,23.566,22,100
1501,517351.789,5186752.267,952.1042,0.084001558873595,-0.0166717637581019,1145,922,612,332,1083,978,364,81,12,751.25,12.397,146.211,5.412,128,156,0.364,0.881,0,3,1,2.132,0,6
1502,504214.931,5187170.681,921.0934,-0.0313614838381365,-0.173413992689374,1198,968.5,611,326,729.5,643,246,57.5,10,527.2,22.373,109.881,28.954,48,158,28.167,3.912,20,36,74.417,22.607,31,100
1503,516121.59,5181891.749,882.8652,-0.0514676609395562,-0.107149050571673,1234,1045.8,780,556.6,1383.6,1251.8,592,211.8,37.2,725.5,31.579,130.44,16.04,76,149,3.769,2.044,0,7,35.462,25.145,0,80
1504,501064.351,5184111.68,952.0576,-0.0823652326679583,-0.106876625468589,1300.75,1133,861,620,1386.25,1241.25,582.75,204.091,40.5,817.75,40.357,135.536,7.211,101,150,2.538,1.278,0,4,30.846,14.863,0,56
1505,517621.689,5188073.274,945.0626,0.00757390904906484,0.0573732389073207,1159.4,947.4,588.6,319.6,917.4,804,307.4,70,10.8,726.5,72.016,114.704,25.38,57,158,15,3.342,6,19,52.167,19.351,13,78
1506,516152.153,5189899.537,929.9382,-0.26564460930647,-0.0540020706122731,1189,974.25,649.5,396.5,761.25,717,345.75,124.75,23,514.75,6.098,106.964,23.549,39,150,26.667,2.055,24,30,81.417,16.101,38,100
1507,519432.531,5185252.686,990.7601,0.0698461791005567,0.249201804347507,1162.25,937,601.25,330,970,855.75,301.75,71.25,12,654.5,105.462,101.073,22.237,53,147,18.818,5.557,8,29,88.364,10.412,64,100
1508,512042.18,5186875.036,913.1289,-0.124592549209465,0.0367130631041208,1187,977,656,414,1078,944,380,104,18,625.5,32.206,120.346,22.296,49,155,14.833,3.693,8,21,77.333,17.494,33,95
1509,520202.629,5188103.817,975.0601,0.15768526094289,-0.114762795179329,1190,972,676,395,1093,921,359,78,11,521,4.637,121.254,18.313,57,154,11.286,1.829,7,15,94.286,7.525,69,100
1801,514672.728,5180707.232,907.0151,-0.0378599166568605,0.0595072063765018,1230,1062,808,525,1331,1188,516,151,24,830.25,10.305,147.523,2.368,142,153,0.308,0.462,0,1,2.692,2.945,0,7
1802,515703.797,5185945.692,972.2302,-0.0297401541754203,-0.139657515911684,1158,921,577,306,901,809,300,67,10,501.75,3.562,117.495,20.699,65,150,23.667,4.007,12,27,84.083,13.805,55,100
1803,510721.951,5179973.022,937.5563,-0.020215028091736,-0.0359318886680108,1200.4,1000,666,385,978.4,833.2,347.6,94.8,16.6,790.25,6.61,145.746,3.082,139,153,0,0,0,0,0,0,0,0
1804,517442.64,5181440.868,920.6722,-0.0393695460585591,-0.032689637916976,1238,1064,783.75,543,1114.25,1025.25,511.75,172,30,811.5,3.202,149.358,1.989,141,153,0,0,0,0,0,0,0,0
1805,519003.706,5187654.932,933.0897,-0.0384082073149262,-0.0804265611589458,1150,934,600,339,953,832,357,94,15,499,13,119.321,25.621,56,160,22.385,8.279,2,32,75.231,22.182,10,100
1806,516931.765,5187231.74,957.6787,-0.121235971851651,-0.00989370760562608,1295.8,1153.2,908.6,698.8,1216.8,1121.8,634.8,284,57.8,831.5,19.294,145.431,14.001,74,158,5.615,10.149,0,32,15.231,16.743,0,42
1807,517559.773,5182667.18,881.0794,-0.139289794688139,-0.00559202107794398,1155,942.5,647,373,1200.5,1071.5,420.5,99.5,14,536.25,26.957,116.147,20.91,52,156,21.4,6.296,10,29,73.1,16.926,41,100
1808,516664.662,5186094.365,960.0801,0.106613106892466,-0.126454756489171,1144,922,566,299,730,611,226,53,9,517,7.211,115.073,23.781,53,154,16.75,6.153,1,25,83.667,17.885,45,100
1809,519631.098,5183843.448,946.2939,-0.156881858617365,0.0389635514392754,1177,994,742,555,1141,1048,484,192,43,731.5,168.722,113.179,24.768,46,164,23.545,6.358,8,32,81.545,15.09,50,100
2001,517262.009,5184831.638,1129.016,-0.173569744464829,0.136105358845323,1207.8,987.6,716.6,627.6,1137.8,1140,639.8,279.4,56,780.5,59.706,144.739,14.207,96,159,7.154,8.273,0,23,37.769,21.301,0,71
2002,516002.112,5184551.747,1122.868,-0.0870041370152679,0.0375136528643704,1239.8,1008.2,703.6,666.6,991.8,1019.4,601.8,281,60.2,878,159.41,122.723,32.437,41,156,20.333,10.077,0,33,39.417,23.175,0,80
2003,508682.929,5187263.818,1010.706,-0.18854476560247,-0.0182919726631525,1200,983,671,425,1149,1038,424,115,19,616.75,23.679,111.719,21.897,43,156,28.308,4.357,19,35,64.231,18.128,29,92
2004,507079.974,5182318.746,991.4506,-0.195796968382577,-0.0041526441205553,1202.5,1017,727,489,1329,1198,527.5,157,27.5,760.75,35.053,135.848,13.956,82,152,3.833,2.911,0,9,39.583,22.714,0,77
2005,509214.718,5183688.336,1245.618,-0.010080862652379,-0.206554148368373,1117,903.5,539,304,858.5,797.5,285,62,9.5,485.2,6.462,112.018,23.94,57,156,25.25,6.647,8,32,79.167,16.663,54,100
2006,505171.515,5186484.651,999.9069,0.245506028162282,0.153113836922013,1202,1006,721,465,1107,1001,459,133,24,596.75,29.329,121.266,28.053,44,159,13.769,6.506,2,24,63,19.279,30,94
2007,507989.315,5183281.357,1067.083,0.225938026761423,-0.103991076079415,1177,953,629,373,1220,1101,415,98,17,476.75,16.679,98.342,26.209,45,156,26.167,4.776,16,33,94.5,7.784,71,100
2008,507237.991,5184444.713,1291.877,-0.227575640957499,0.129592161845474,1138,896,552,296,762,679,226,48,8,442.25,17.34,116.613,18.602,66,151,22.077,5.581,11,37,95.385,5.371,80,100
2009,511276.589,5185783.228,1065.76,-0.131330734252676,0.0348305452390991,1159,931.75,652.25,341.5,1344.75,1189.75,437,90,12.75,553,20.013,105.358,25.178,53,153,23.462,3.054,19,28,99.462,1.865,93,100
2010,512577.056,5183789.347,1271.555,-0.0167408950028519,0.167305523864287,1120,906,590,315,1225,1070,369,71,10,546.5,16.039,104.973,18.097,62,147,28.357,3.517,21,32,92.357,7.016,76,100
2101,515824.894,5186045.806,958.455,0.0340413080388677,-0.206508078224565,1157,934,625,345,1020,890,345,81,13,569.5,40.314,135.579,23.124,45,158,16.455,15.198,0,37,17.727,20.911,0,67
2102,508711.259,5179973.65,907.9475,-0.0531792106729421,-0.0155212743098897,1257.6,1061,766,552.4,1065.6,981,524.2,192.2,36.6,887.25,74.523,148.685,3.38,142,157,0.091,0.287,0,1,4.091,7.645,0,25
2103,523441.9,5187592.026,953.6135,-0.0528102697496674,-0.0463309768725781,1136,939.8,601.2,337.8,1055,989,371.2,87,14.2,643,27.34,134.883,21.019,68,156,6.385,5.904,0,23,50.462,24.846,10,89
2104,508032.851,5181310.349,939.9281,-0.0701023988566639,-0.0676469898483384,1246.667,1044,763.333,496,1146,1019.333,503.667,168.667,30.667,680.667,16.357,139.264,20.435,72,157,18.182,13.597,1,34,35.455,19.411,13,74
2105,519247.683,5187622.893,958.0961,-0.0379718731872965,-0.0722108872861141,1128.4,928.6,593.2,330,994.4,887.2,337.8,80.2,12.2,570,19.786,118.312,25.114,51,153,9.636,4.478,4,20,78.818,16.792,50,100
2106,521462.264,5183394.199,933.2701,0.140020962180673,-0.112406430038492,1151,928,619,340,1178,1063,408,104,18,474.25,10.497,95.83,23.55,26,147,26,4.93,16,32,85.462,13.066,62,100
2107,519011.166,5186069.092,962.2462,0.0146461720421691,-0.116339710368005,1196,1030,796.25,603.25,1359,1202,533,206.5,47,529,17.059,106.3,23.445,23,145,23.9,3.727,18,29,88,7.51,75,100
2108,524671.336,5188222.363,899.405,-0.0388443872963096,0.0751414886702034,1162,946.6,648,365.6,1300.8,1169.4,444.2,105.4,17,516.5,8.441,121.018,25.565,53,164,17.364,4.051,11,26,68.091,14.884,46,89
2109,515432.752,5182316.974,920.9442,-0.0469840138053846,-0.17477799843154,1176,973,673,390,1219,1039,412,97,15,541,26.58,101.064,24.295,52,157,26.25,2.947,19,30,94.25,5.89,85,100
2401,504842.023,5183511.598,1118.664,0.0378191253245277,-0.187644782724401,1170.8,969,663.4,412.2,879.8,772.2,358.6,98.2,18,554.75,18.458,116.171,26.598,49,159,23.538,9.312,2,32,67.077,18.495,33,92
2402,511171.248,5183603.169,1415.379,0.0359002364937798,0.16279044758121,1122.8,907,580,313.4,1023.8,831.6,266.6,51.2,8.4,489,17.875,130.755,21.714,56,160,10.4,6.771,3,22,78.6,13.109,56,100
2403,503551.502,5186420.927,1007.699,-0.00781004847514202,0.212283380112094,1188.6,972.6,643.2,381.8,1040.2,951,363.8,93.2,16,655,65.818,120.565,23.544,44,151,13.462,4.83,4,21,88.154,12.018,57,100
2404,516001.375,5183845.877,1147.162,0.009919508225808,0.0546073654149157,1144,915,607,353,1155,1069,412,96,15,567,7.714,109.559,23.008,47,154,18.833,3.625,14,24,69.25,21.661,35,100
2405,519512.161,5187950.364,1016.679,-0.104530436616861,-0.0141215516388391,1155.8,935.8,630.8,370,931.4,829.6,354.6,97.4,16.4,622,50.234,130.279,22.529,43,154,11.333,6.018,3,23,44.5,15.819,23,71
2801,517050.862,5184832.939,1177.506,-0.1404254906919,0.0709287899793814,1216,1018.2,751.2,507.4,1187.6,1038.6,508.6,175.6,32.2,752.25,39.423,116.306,26.458,52,156,22.5,7.046,14,34,87.1,10.728,67,100
2802,503370.949,5186751.992,1002.714,0.149012167660107,-0.122268059628163,1180.4,957.4,610.8,331.8,1140.2,1018.2,348.6,71,10.6,528.5,20.329,120.254,24.751,53,155,17.455,7.536,2,28,81.727,14.698,53,100
2803,503552.605,5186212.229,1029.228,-0.0433846745207553,-0.190309450319022,1195.5,1008.25,685.25,415.25,1034.75,909.75,378.75,98.25,18.25,554.25,35.647,127.395,25.283,45,155,15.714,7.75,2,28,65.5,17.455,25,91
2804,504182.463,5185880.649,1031.107,-0.0706177627992658,0.169453181788442,1188,971,638,350,1261.25,1120,405.25,83.25,12.75,602.667,37.205,114.9,25.803,53,161,16.917,6.291,7,28,69.75,14.703,55,100
2805,514865.856,5184441.049,1156.648,-0.127481016730035,0.0214318285145356,1261.5,1053.5,783.5,752,1225,1197.5,617.5,244,50,620.75,24.16,105.333,22.242,48,152,22.6,3.639,17,28,84.8,8.998,70,100
2806,503283.086,5185370.901,1155.175,-0.0499784802525442,-0.077127689817899,1180.75,969,634.75,387,1045.75,950.75,374.5,94,16.75,542,20.017,124.303,24.021,48,156,16.917,6.934,2,27,63.917,21.708,31,100
2807,506851.374,5183128.555,1016.388,-0.074394814232142,-0.128023968519044,1165,954,631,340,1265,1135,398,79,12,545.75,15.562,101.313,27.035,44,153,34.455,3.677,29,41,92.273,7.782,74,100
2808,510727.691,5182759.247,1246.184,-0.226622582328397,0.0741885842148825,1160.5,947,674.5,409,1483,1319.5,498.5,111,17.5,698.5,73.677,122.055,22.911,52,154,15.308,6.39,4,23,79.538,15.96,50,100
2809,507360.271,5185848.262,1011.433,0.023879877279471,-0.276584036470143,1157.5,940,603.5,318.25,1023.75,893.5,314.5,60.75,8.75,464,17.819,111.9,26.102,27,146,26.25,5.262,20,40,94.333,7.051,82,100
2810,510960.952,5184381.879,1309.962,-0.0458577574339558,-0.0657861911583918,1132,902.6,574,293.8,1104.4,997.4,340.4,64.4,9,501.5,27.134,134.588,13.71,74,154,16,6.902,2,24,83.727,17.384,50,100
2811,519203.473,5184860.602,1022.552,-0.0753839372899285,-0.0452750066114641,1165.667,951.333,635.667,370.667,1153.333,1029.333,377,85.333,14.333,556,22.627,126.027,22.308,66,157,13.833,5.08,6,21,58.417,30.393,0,100
2812,511080.619,5183511.229,1427.256,-0.117700003101019,-0.00865780538127336,1111,888,541,293.4,868.2,744.8,254,52,8,539.5,27.789,132.275,19.977,61,155,9.5,5.965,3,25,74.667,13.104,50,100
2899,519992.644,5187349.405,1006.171,0.0857707095149865,-0.0928145005820524,1171,961,660,378.5,1357,1197,442.5,103.5,15.5,524,10.63,127.088,20.124,66,170,9.167,1.28,7,11,77.917,14.648,45,92
9999,511220.477,5183959.456,1360.015,0.11495727597422,0.131857419926172,1105.25,881.5,523.25,291,651.75,597,230.5,52.5,9,490.2,21.189,105.27,25.733,39,153,32.917,5.575,24,43,86.333,12.906,50,100
